street,city_state_zip,treatment_type
471 Chestnut Street,"Springﬁeld, MA  01107",Acute Treatment Services
298 Federal St.,"Greenﬁeld, MA 01301",Acute Treatment Services
725 North Street,"Pittsﬁeld, MA  01201",Acute Treatment Services
1233 Main Street,"Holyoke, MA  01040",Acute Treatment Services
151 South St.,"Cummington, MA 01026",Acute Treatment Services
107 Lincoln Street,"Worcester, MA 01605",Acute Treatment Services
"12 Queen Street, 5th ﬂoor","Worcester, MA 01610",Acute Treatment Services
35 Heywood Terrace,"Springﬁeld, MA 01104",Clinical Support Service
298 Federal St.,"Greenﬁeld, MA 01301",Clinical Support Service
725 North Street,"Pittsﬁeld, MA 01201",Clinical Support Service
1233 Main Street,"Holyoke, MA 0104",Clinical Support Service
130 Pine Street,"Holyoke, MA  01040",Transitional Support Service 
91 East Mountain Road,"Westﬁeld, MA 01085",Transitional Support Service 
117 Park Ave.,"West Springﬁeld, MA 01089",Outpatient Services
57 Maplewood Ave.,"Pittsﬁeld, MA 01201",Outpatient Services
40 Bobala Road,"Holyoke, MA  01040",Outpatient Services
235 Maple Street,"Holyoke, MA 01040",Outpatient Services
110 Maple St.,"Springﬁeld, MA 01105",Outpatient Services
110 Maple St.,"Springﬁeld, MA 01105",Outpatient Services
471 Chestnut St.,"Springﬁeld, MA 01107",Outpatient Services
417 Liberty Street,"Springﬁeld, MA 01107",Outpatient Services
"Westfield, MA 01085","Springﬁeld, MA  01107",Outpatient Services
"77 Mill Street, Suite 251","Westﬁeld, MA  01085",Outpatient Services
96 South St.,"Ware, MA",Outpatient Services
153 Magazine St.,"Springﬁeld, MA 01109",Outpatient Services
333 East Street,"Pittsﬁeld, MA  01201",Outpatient Services
124 American Legion Drive,"North Adams, MA 01247",Outpatient Services
60 Cottage Street,"Great Barrington, MA 01230",Outpatient Services
251 Fenn Street,"Pittsﬁeld, MA 01201",Outpatient Services
367 Pine Street,"Springﬁeld, MA  01105",Outpatient Services
131 West Main St. 1st Floor,"Orange, MA 01364",Outpatient Services
102 Main St.,"Greenﬁeld, MA 01301",Outpatient Services
"1221 Main St, Suite 308","Holyoke, MA 01040",Outpatient Services
491 Main Street,"Athol, MA 01331",Outpatient Services
8Atwood Drive,"Northampton, MA  01060",Outpatient Services
One Arch Place,"Greenﬁeld, MA 01301",Outpatient Services
80 Congress St. Suite 106,"Springﬁeld, MA 01104",Outpatient Services
85 St. George Road,"Springﬁeld, MA  01104",Outpatient Services
2155 Main St.,"Springﬁeld, MA 01104",Outpatient Services
40 Wright Street,"Palmer, MA  01069",Outpatient Services
575 Beech Street,"Holyoke, MA  01040",Outpatient Services
"155 Maple Street, Suite 304","Springﬁeld, MA 01105",Outpatient Services
70 Court St. Suite 3,"Westﬁeld, MA 01085",Outpatient Services
1323 Worcester St.,"Indian Orchard, MA 01151",Outpatient Services
1233 Main St.,"Holyoke, MA 01040",Outpatient Services
185 West Ave.,"Ludlow, MA 01056",Outpatient Services
211 N. Main St.,"Petersham, MA 01366",Outpatient Services
303 Beech St.,"Holyoke, MA 01040",Outpatient Services
55 Federal Street,"Greenﬁeld, MA  01301",Outpatient Services
"140 High St., Suite 230","Springﬁeld, MA 01105",Outpatient Services
"103 Myron St., Suite A","W. Springﬁeld, MA 01089",Outpatient Services
230 Maple Street,"Holyoke, MA 01040",Ofﬁce-based Opioid Treatment (Buprenorphine and Vivitrol Treatment)
380 Plainﬁeld St.,"Springﬁeld, MA 01107",Ofﬁce-based Opioid Treatment (Buprenorphine and Vivitrol Treatment)
333 East St.,"Pittsﬁeld, MA 01201",Ofﬁce-based Opioid Treatment (Buprenorphine and Vivitrol Treatment)
124 American Legion Drive,"North Adams, MA 01247",Ofﬁce-based Opioid Treatment (Buprenorphine and Vivitrol Treatment)
60 Cottage St.,"Great Barrington, MA 01230",Ofﬁce-based Opioid Treatment (Buprenorphine and Vivitrol Treatment)
40 Wright Street,"Palmer, MA  01069",Ofﬁce-based Opioid Treatment (Buprenorphine and Vivitrol Treatment)
"1985 Main Street, Suite E","Springﬁeld, MA",Ofﬁce-based Opioid Treatment (Buprenorphine and Vivitrol Treatment)
"306 Race Street, 2nd Floor","Holyoke, MA",Ofﬁce-based Opioid Treatment (Buprenorphine and Vivitrol Treatment)
83 South St. Suite 180,"Ware, MA",Ofﬁce-based Opioid Treatment (Buprenorphine and Vivitrol Treatment)
900 Memorial Avenue,"West Springﬁeld, MA",Ofﬁce-based Opioid Treatment (Buprenorphine and Vivitrol Treatment)
"53 Eagle St., 4th ﬂoor","Pittsﬁeld, MA",Ofﬁce-based Opioid Treatment (Buprenorphine and Vivitrol Treatment)
"77 Hospital Avenue, Suite 107","North Adams, MA 01247",Ofﬁce-based Opioid Treatment (Buprenorphine and Vivitrol Treatment)
"201 South Main St., Suite #3","Athol, MA",Ofﬁce-based Opioid Treatment (Buprenorphine and Vivitrol Treatment)
411 Chandler St.,"Worcester, MA",Ofﬁce-based Opioid Treatment (Buprenorphine and Vivitrol Treatment)
275 Nichols Rd. ,"Fitchburg, MA",Ofﬁce-based Opioid Treatment (Buprenorphine and Vivitrol Treatment)
50 Union Street,"West Springfield, MA 01089",Ofﬁce-based Opioid Treatment (Buprenorphine and Vivitrol Treatment)
42 Summer St. Suite 201,"Pittsﬁeld, MA",Ofﬁce-based Opioid Treatment (Buprenorphine and Vivitrol Treatment)
51 Locust St.,"Northampton, MA 01060",Ofﬁce-based Opioid Treatment (Buprenorphine and Vivitrol Treatment)
568 Main St.,"Indian Orchard, MA 01151",Ofﬁce-based Opioid Treatment (Buprenorphine and Vivitrol Treatment)
"125 Liberty Street, Suite 205","Springﬁeld, MA 01103",Ofﬁce-based Opioid Treatment (Buprenorphine and Vivitrol Treatment)
"152 North Street, Suite 250","Pittsﬁeld, MA  01201",Ofﬁce-based Opioid Treatment (Buprenorphine and Vivitrol Treatment)
"70 Court Street, Suite 3","Westﬁeld, MA  01085",Ofﬁce-based Opioid Treatment (Buprenorphine and Vivitrol Treatment)
141 East Main Street,"Chicopee, MA  01020",Ofﬁce-based Opioid Treatment (Buprenorphine and Vivitrol Treatment)
1448 North Main Street,"Palmer, MA  01069",Ofﬁce-based Opioid Treatment (Buprenorphine and Vivitrol Treatment)
33 OakStreet,"Worcester, MA  01609",Ofﬁce-based Opioid Treatment (Buprenorphine and Vivitrol Treatment)
100 Central Street Suite 3,"Southbridge, MA 01550",Ofﬁce-based Opioid Treatment (Buprenorphine and Vivitrol Treatment)
76 Summer Street Suite 045,"Fitchburg, MA 01420",Ofﬁce-based Opioid Treatment (Buprenorphine and Vivitrol Treatment)
628 Center Street,"Chicopee, MA  01013",Opioid Treatment Programs (Methadone and Buprenorphine Treatment)
297 Pleasant Street,"Northampton, MA  01060",Opioid Treatment Programs (Methadone and Buprenorphine Treatment)
177 Shelburne Road,"Greenﬁeld, MA  01301",Opioid Treatment Programs (Methadone and Buprenorphine Treatment)
125 N. Elm Street,"Westﬁeld, MA  01085",Opioid Treatment Programs (Methadone and Buprenorphine Treatment)
511 East Columbus Ave,"Springﬁeld, MA 01105",Opioid Treatment Programs (Methadone and Buprenorphine Treatment)
1233 Main Street,"Holyoke, MA  01040",Opioid Treatment Programs (Methadone and Buprenorphine Treatment)
227 Mill Street,"Springﬁeld, MA  01109",Opioid Treatment Programs (Methadone and Buprenorphine Treatment)
390 Merrill Rd.,"Pittsﬁeld, MA 01201",Opioid Treatment Programs (Methadone and Buprenorphine Treatment)
1274 Curran Highway,"North Adams, MA 01247",Opioid Treatment Programs (Methadone and Buprenorphine Treatment)
187 Fairview Ave,"Chicopee, MA 01013",Residential Recovery Programs
57 Beacon Street,"Greenﬁeld, MA  01301",Residential Recovery Programs
35 Congress Street,"Orange, MA 01364",Residential Recovery Programs
148 Montague City Road,"Greenﬁeld, MA 01301",Residential Recovery Programs
59 South St.,"Ware, MA  01082",Residential Recovery Programs
29-33 Arch Street,"Springﬁeld, MA  01107",Residential Recovery Programs
507 Appleton Street,"Holyoke, MA  01040",Residential Recovery Programs
25 Graves Avenue,"Northampton, MA  01060",Residential Recovery Programs
143 West Street,"Northampton, MA 01060",Residential Recovery Programs
202 Bradford Street,"Pittsﬁeld, MA  01201",Residential Recovery Programs
121 Seymour St.,"Pittsﬁeld, MA 01201",Residential Recovery Programs
89 Belmont Avenue Partum,"Springﬁeld, MA  01109",Residential Recovery Programs
64 and 82 Temple St.,"Springﬁeld, MA  01109",Residential Recovery Programs
401 Liberty St.,"Springﬁeld, MA 01104",Residential Recovery Programs
5 Madison Avenue,"Springﬁeld, MA  01105",Residential Recovery Programs
14 Chestnut Place,"Ludlow, MA",Residential Recovery Programs
"20 Wilbraham Ave,","Springﬁeld, MA",Residential Recovery Programs
742 Parker St. ,"East Longmeadow, MA 01116",Residential Recovery Programs
298 Federal St.,"Greenﬁeld, MA 01301",Residential Recovery Programs
298 Federal St.,"Greenﬁeld, MA   01301",Residential Recovery Programs
60 Wells Street,"Greenﬁeld, MA  01301",Supportive Housing
114 Calhoun Street,"Springﬁeld, MA  01107",Supportive Housing
80 Commercial St.,"Holyoke, MA. 01040",Supportive Housing
80 Commercial St.,"Holyoke, MA. 01040",Supportive Housing
184 Bradford Street,"Pittsﬁeld, MA  01201",Supportive Housing
214 Francis Ave.,"Pittsﬁeld, MA. 01201",Supportive Housing
1509 N. Main St.,"Palmer, MA 01069",Supportive Housing
85 St. George Road,"Springfield, MA, 01103",Recovery Support Services and Centers
471 Chestnut St ,"Springfield, MA 01107",Recovery Support Services and Centers
68 Federal Street,"Greenﬁeld, MA 01301",Recovery Support Services and Centers
100 Suffolk St.,"Holyoke, MA 01040",Recovery Support Services and Centers
373 Worthington Street,"Springﬁeld, MA 01103",Recovery Support Services and Centers
81 Linden Street,"Pittsﬁeld, MA 01201",Recovery Support Services and Centers
2 Gleason Plaza,"Northampton, MA 01060",Recovery Support Services and Centers
"141 North Street, Suite 307","Pittsfield, MA 01201",Intervention and Family Support Programs
179 Northampton St.,"Easthampton, MA 01027",Intervention and Family Support Programs
1095 Main St. First Floor,"Springfield, MA, 01103",Intervention and Family Support Programs
251 Fenn Street,"Pittsﬁeld, MA 01201",Intervention and Family Support Programs
303 Beech St.,"Holyoke, MA 01040",Intervention and Family Support Programs
69 Prospect Ave. Apt 32,"Northampton, MA 01060",Intervention and Family Support Programs
1233 Main St. Holyoke,"Holyoke, MA 01040",Intervention and Family Support Programs
165 Tor Court,"Pittsﬁeld, MA",Intervention and Family Support Programs
242 Green Street,"Gardner, MA",Intervention and Family Support Programs
"155 Maple Street, Suite 304","Springﬁeld, MA 01105",Intervention and Family Support Programs
"37 Alderman St, Springﬁeld","Springﬁeld, MA 01104",Recovery High School
16 Center Street,"Northampton, MA 01060",Overdose Prevention and Syringe Access Programs
15A Main St.,"Holyoke, MA 01040",Overdose Prevention and Syringe Access Programs
"130 Maple Street, lower level","Springﬁeld, MA 01103",Overdose Prevention and Syringe Access Programs
8 Church Street,"Greenﬁeld, MA 01301",Overdose Prevention and Syringe Access Programs
"6 West Main Street, Ground Floor","North Adams, MA",Overdose Prevention and Syringe Access Programs
"510 North St., Suite 6-B2","Pittsﬁeld, MA 01201",Overdose Prevention and Syringe Access Programs
"278 Main Street, Suite 411","Greenﬁeld, MA 01301",Substance Abuse Prevention Programs
"61 Main Street, Suite 218","North Adams, MA  01247",Substance Abuse Prevention Programs
97 Hawley Street,"Northampton, MA 01060",Substance Abuse Prevention Programs
60 Bridge St.,"Great Barrington, MA 01230",Substance Abuse Prevention Programs
50 Payson Ave 2nd Floor,"Easthampton, Ma 01027",Substance Abuse Prevention Programs
380 Elm Street,"Northampton, MA 01060",Substance Abuse Prevention Programs
"120 Maple Street, Suite 305","Springﬁeld, MA 01103",Substance Abuse Prevention Programs
153 Newton Street,South Hadley MA 01075,Substance Abuse Prevention Programs
35 Crocker Avenue,"Turners Falls, MA 01376",Substance Abuse Prevention Programs
21 Barr Avenue,"Greenﬁeld, MA  01301",Substance Abuse Prevention Programs
1500 Main Street 18th Floor,"Springfield, MA, 01003",Substance Abuse Prevention Programs
1 Fenn St. Suite 302,"Pittsﬁeld, MA 01201",Substance Abuse Prevention Programs
101 Munson Street,"Greenﬁeld, MA 01301",Substance Abuse Prevention Programs
212 Main St Rm 101,"Northampton, MA 01060",Substance Abuse Prevention Programs
